{
  "timestamp": "2026-04-20T15:49:43",
  "source": "analyze_static.py (fruit detections)",
  "intrinsics": {
    "fx": 908.4661254882812,
    "fy": 907.9412231445312,
    "cx": 639.9576416015625,
    "cy": 354.1015319824219
  },
  "n_points": 4,
  "labels": [
    "cal_01",
    "cal_02",
    "cal_03",
    "cal_04"
  ],
  "residuals_mm": [
    26.162668548688238,
    29.719304446032343,
    47.55902017358532,
    30.065753209023406
  ],
  "mean_residual_mm": 33.37668659433233,
  "max_residual_mm": 47.55902017358532,
  "rms_residual_mm": 34.40033502104985,
  "T_cam_to_base": [
    [
      0.9541275238096222,
      -0.021474198984540453,
      0.29862941430289497,
      0.2618646105515628
    ],
    [
      0.15569307087118125,
      0.8875433191749234,
      -0.4336202535291214,
      0.2600866801761289
    ],
    [
      -0.25573489396564425,
      0.46022354933872095,
      0.8501728933825441,
      -0.22399388733265063
    ],
    [
      0.0,
      0.0,
      0.0,
      1.0
    ]
  ]
}