{
  "timestamp": "2026-04-21T14:18:20",
  "source": "analyze_static.py (fruit detections)",
  "intrinsics": {
    "fx": 912.5975952148438,
    "fy": 911.3494873046875,
    "cx": 635.4191284179688,
    "cy": 343.00433349609375
  },
  "n_points": 4,
  "labels": [
    "cal_01",
    "cal_02",
    "cal_03",
    "cal_04"
  ],
  "residuals_mm": [
    28.615748012058837,
    23.765397259428287,
    44.76494684270743,
    25.02261973359743
  ],
  "mean_residual_mm": 30.542177961947996,
  "max_residual_mm": 44.76494684270743,
  "rms_residual_mm": 31.676833432931435,
  "T_cam_to_base": [
    [
      0.9247453143406139,
      -0.08852618975495916,
      0.37014756156504486,
      0.2656092444927548
    ],
    [
      0.24940045169662545,
      0.875601589975974,
      -0.4136680678092835,
      0.27710937254344103
    ],
    [
      -0.28748133556563077,
      0.4748525764476972,
      0.8317869392713417,
      -0.23209841189783137
    ],
    [
      0.0,
      0.0,
      0.0,
      1.0
    ]
  ]
}