{
  "timestamp": "2026-04-17T14:50:29",
  "intrinsics": {
    "fx": 907.188720703125,
    "fy": 906.8246459960938,
    "cx": 644.9774780273438,
    "cy": 356.7247619628906
  },
  "n_points": 8,
  "labels": [
    "point1",
    "point2",
    "point3",
    "point4",
    "point5",
    "point6",
    "point7",
    "point8"
  ],
  "residuals_mm": [
    303.8571306225102,
    282.0165341560614,
    194.508639917211,
    116.74948671324104,
    149.40459424683473,
    261.71072010989275,
    295.6969421996698,
    226.4924104448355
  ],
  "mean_residual_mm": 228.80455730128207,
  "max_residual_mm": 303.8571306225102,
  "rms_residual_mm": 237.9275789068066,
  "T_cam_to_base": [
    [
      0.7610120649402428,
      0.6400792061006865,
      -0.10563733683173812,
      0.26952916191647264
    ],
    [
      0.09533736518874601,
      -0.27141159703716705,
      -0.9577298845669386,
      0.10492554259439973
    ],
    [
      -0.6416941824687634,
      0.7187728117501724,
      -0.26757096493172733,
      0.18195097908871027
    ],
    [
      0.0,
      0.0,
      0.0,
      1.0
    ]
  ]
}