{
  "timestamp": "2026-04-24T15:37:38",
  "chess_origin_in_base_m": [
    0.4906491134072295,
    0.1106022184810295,
    0.017090576258639023
  ],
  "H_pixel_to_chess_mm": [
    [
      0.3387361836380683,
      0.0218600259728898,
      -149.8735437407053
    ],
    [
      0.004645984024552479,
      0.4047637284230911,
      -15.288237169193192
    ],
    [
      9.471676520080793e-06,
      0.00041473954785931235,
      0.9999999999999999
    ]
  ],
  "survey_pose_joints_rad": [
    0.008438954625027417,
    0.3291192303760737,
    0.8554031279005176,
    -0.023782508488713994
  ],
  "chess_pattern": {
    "cols": 8,
    "rows": 6,
    "square_mm": 30.0,
    "inner_cols": 7,
    "inner_rows": 5
  },
  "d415_intrinsics": {
    "fx": 912.5975952148438,
    "fy": 911.3494873046875,
    "cx": 635.4191284179688,
    "cy": 343.00433349609375
  },
  "homography_reproj_rms_px": 0.7072778940200806,
  "camera_height_above_table_m": 0.27675899211535665,
  "image_size": [
    1280,
    720
  ],
  "cam_extrinsics_survey1": {
    "R_cam_in_base": [
      [
        0.005692901730078415,
        -0.9416951021225721,
        0.33641927041751074
      ],
      [
        -0.9999422886962888,
        -0.002295629931274634,
        0.010495206527106116
      ],
      [
        -0.009110990435712646,
        -0.33645960340221703,
        -0.9416538244661374
      ]
    ],
    "C_cam_in_base_m": [
      0.29152523614814296,
      0.042519437917090154,
      0.2676478246870176
    ],
    "reproj_rms_px": 0.9003704190254211
  }
}