{
  "TL_base_m": [
    0.4906491134072295,
    0.1106022184810295,
    0.017090576258639023
  ],
  "TR_base_m": [
    0.4937721247939406,
    -0.07907976719500112,
    0.015850329321394907
  ],
  "BL_base_m": [
    0.3782713725195326,
    0.10127975356162142,
    0.015844547829676314
  ],
  "inner_cols": 7,
  "inner_rows": 5,
  "square_mm": 30.0,
  "i_axis_in_base": [
    0.016461876660077316,
    -0.9998431213296778,
    -0.0065375336752942406
  ],
  "j_axis_in_base": [
    -0.9965159316762111,
    -0.08266748148965328,
    -0.011049227106493283
  ],
  "board_rotation_deg": -89.05674118016582
}